tf_id,uploader,modifiedBy,uploadDate,modified,start,end,strand,type,gene_biotype,locus_tag,gene,source,alias,note,chr
251,admin,admin,2023-04-16,2023-04-16T22:56:51+0000,209653,212175,+,gene,unknown,YBL008W,HIR1,sgd/S288C_reference_genome_R64-3-1_20210421,HIR1,Subunit of the HIR complex B HIR is a nucleosome assembly complex involved in regulation of histone gene transcription B contributes to nucleosome formation C heterochromatic gene silencing C and formation of functional kinetochores,2
231,admin,admin,2023-04-16,2023-04-16T22:56:51+0000,171481,171918,+,gene,unknown,YBL025W,RRN10,sgd/S288C_reference_genome_R64-3-1_20210421,RRN10,Protein involved in promoting high level transcription of rDNA B subunit of UAF  upstream activation factor  for RNA polymerase I,2
154,admin,admin,2023-04-16,2023-04-16T22:56:51+0000,44256,44918,-,gene,unknown,YBL093C,ROX3,sgd/S288C_reference_genome_R64-3-1_20210421,"ROX3,MED19,NUT3,RMR1,SSN7,SSX2",Subunit of the RNA polymerase II mediator complex B associates with core polymerase subunits to form the RNA polymerase II holoenzyme,2
471,admin,admin,2023-04-16,2023-04-16T22:56:51+0000,593506,594864,-,gene,unknown,YBR182C,SMP1,sgd/S288C_reference_genome_R64-3-1_20210421,SMP1,MADS-box transcription factor involved in osmotic stress response B SMP1 has a paralog C RLM1 C that arose from the whole genome duplication,2
582,admin,admin,2023-04-16,2023-04-16T22:56:51+0000,761257,762594,+,gene,unknown,YBR279W,PAF1,sgd/S288C_reference_genome_R64-3-1_20210421,PAF1,Component of the Paf1p complex involved in transcription elongation B binds to and modulates the activity of RNA polymerases I and II B required for expression of a subset of genes C including cell cycle-regulated genes B involved in SER3 repression by helping to maintain SRG1 transcription-dependent nucleosome occupancy B homolog of human PD2/hPAF1,2
592,admin,admin,2023-04-16,2023-04-16T22:56:51+0000,779667,782384,+,gene,unknown,YBR289W,SNF5,sgd/S288C_reference_genome_R64-3-1_20210421,"SNF5,HAF4,SWI10,TYE4",Subunit of the SWI/SNF chromatin remodeling complex B involved in transcriptional regulation B functions interdependently in transcriptional activation with Snf2p and Snf6p B relocates to the cytosol under hypoxic conditions,2
673,admin,admin,2023-04-16,2023-04-16T22:56:51+0000,103571,104350,-,gene,unknown,YCL010C,SGF29,sgd/S288C_reference_genome_R64-3-1_20210421,SGF29,Component of the HAT/Core module of the SAGA C SLIK C and ADA complexes B HAT/Core module also contains Gcn5p C Ngg1p C and Ada2p B binds methylated histone H3K4 B involved in transcriptional regulation through SAGA and TBP recruitment to target promoters and H3 acetylation,3
626,admin,admin,2023-04-16,2023-04-16T22:56:51+0000,27929,28936,+,gene,unknown,YCL055W,KAR4,sgd/S288C_reference_genome_R64-3-1_20210421,KAR4,Transcription factor required for response to pheromones B also required during meiosis B exists in two forms C a slower-migrating form more abundant during vegetative growth and a faster-migrating form induced by pheromone B null mutant exhibits abnormal lipid metabolic phenotype,3
741,admin,admin,2023-04-16,2023-04-16T22:56:51+0000,201174,205397,-,gene,unknown,YCR042C,TAF2,sgd/S288C_reference_genome_R64-3-1_20210421,"TAF2,TAF150,TSM1,TafII150",TFIID subunit   kDa  B involved in RNA polymerase II transcription initiation,3
777,admin,admin,2023-04-16,2023-04-16T22:56:51+0000,254371,258654,+,gene,unknown,YCR081W,SRB8,sgd/S288C_reference_genome_R64-3-1_20210421,"SRB8,GIG1,MED12,NUT6,SSN5,YCR080W",Subunit of the RNA polymerase II mediator complex B associates with core polymerase subunits to form the RNA polymerase II holoenzyme B essential for transcriptional regulation B involved in glucose repression,3
796,admin,admin,2023-04-16,2023-04-16T22:56:51+0000,293835,294321,+,gene,unknown,YCR097W,HMRA1,sgd/S288C_reference_genome_R64-3-1_20210421,"HMRA1,YCR097WB",Silenced copy of a1 at HMR B homeobox corepressor that interacts with Alpha2p to repress haploid-specific gene transcription in diploid cells,3
1073,admin,admin,2023-04-16,2023-04-16T22:56:51+0000,441014,442309,-,gene,unknown,YDL005C,MED2,sgd/S288C_reference_genome_R64-3-1_20210421,MED2,Subunit of the RNA polymerase II mediator complex B associates with core polymerase subunits to form the RNA polymerase II holoenzyme B essential for transcriptional regulation B relocalizes to the cytosol in response to hypoxia,4
1031,admin,admin,2023-04-16,2023-04-16T22:56:51+0000,376757,378445,-,gene,unknown,YDL042C,SIR2,sgd/S288C_reference_genome_R64-3-1_20210421,"SIR2,MAR1,NAD-dependent_histone_deacetylase_SIR2",Conserved NAD+ dependent histone deacetylase of the Sirtuin family B deacetylation targets are primarily nuclear proteins B required for telomere hypercluster formation in quiescent yeast cells B involved in regulation of lifespan B plays roles in silencing at HML C HMR C telomeres C and rDNA B negatively regulates initiation of DNA replication B functions as regulator of autophagy like mammalian homolog SIRT1 C and also of mitophagy,4
1001,admin,admin,2023-04-16,2023-04-16T22:56:51+0000,331024,332940,+,gene,unknown,YDL070W,BDF2,sgd/S288C_reference_genome_R64-3-1_20210421,BDF2,Protein involved in transcription initiation B acts at TATA-containing promoters B associates with the basal transcription factor TFIID B contains two bromodomains B corresponds to the C-terminal region of mammalian TAF1 B redundant with Bdf1p B protein abundance increases in response to DNA replication stress B BDF2 has a paralog C BDF1 C that arose from the whole genome duplication,4
990,admin,admin,2023-04-16,2023-04-16T22:56:51+0000,310642,312471,-,gene,unknown,YDL080C,THI3,sgd/S288C_reference_genome_R64-3-1_20210421,"THI3,KID1,branched-chain-2-oxoacid_decarboxylase_THI3",Regulatory protein that binds Pdc2p and Thi2p transcription factors B activates thiamine biosynthesis transcription factors Pdc2p and Thi2p by binding to them C but releases and de-activates them upon binding to thiamine pyrophosphate  TPP  C the end product of the pathway B has similarity to decarboxylases but enzymatic activity is not detected,4
892,admin,admin,2023-04-16,2023-04-16T22:56:51+0000,156318,157904,+,gene,unknown,YDL170W,UGA3,sgd/S288C_reference_genome_R64-3-1_20210421,UGA3,Transcriptional activator for GABA-dependent induction of GABA genes B binds to DNA elements found in the promoters of target genes and increases their expression in the presence of GABA  gamma-aminobutyrate  B zinc finger transcription factor of the Zn  -Cys   binuclear cluster domain type B localized to the nucleus B examples of GABA genes include UGA1 C UGA2 C and UGA4,4
1169,admin,admin,2023-04-16,2023-04-16T22:56:51+0000,603593,603811,-,gene,unknown,YDR079C-A,TFB5,sgd/S288C_reference_genome_R64-3-1_20210421,"TFB5,TFIIH_complex_subunit_TFB5",Component of RNA polymerase II general transcription factor TFIIH B involved in transcription initiation and in nucleotide-excision repair B relocalizes to the cytosol in response to hypoxia B homolog of Chlamydomonas reinhardtii REX1-S protein involved in DNA repair,4
1187,admin,admin,2023-04-16,2023-04-16T22:56:51+0000,637139,639823,+,gene,unknown,YDR096W,GIS1,sgd/S288C_reference_genome_R64-3-1_20210421,"GIS1,histone_demethylase_GIS1",Histone demethylase and transcription factor B regulates genes during nutrient limitation B activity modulated by proteasome-mediated proteolysis B has JmjC and JmjN domain in N-terminus that interact C promoting stability and proper transcriptional activity B contains two transactivating domains downstream of Jmj domains and a C-terminal DNA binding domain B relocalizes to the cytosol in response to hypoxia B GIS1 has a paralog C RPH1 C that arose from the whole genome duplication,4
1189,admin,admin,2023-04-16,2023-04-16T22:56:51+0000,644178,644930,-,gene,unknown,YDR098C,GRX3,sgd/S288C_reference_genome_R64-3-1_20210421,"GRX3,monothiol_glutaredoxin_GRX3",Glutathione-dependent oxidoreductase B hydroperoxide and superoxide-radical responsive monothiol glutaredoxin subfamily member with Grx4p and Grx5p B redundantly protects cells from oxidative damage along with GRX4 and GRX5 B with Grx4p C promotes the dissociation of Aft1p from iron regulon gene promoters and subsequent nuclear export in iron-replete conditions C regulating iron homeostasis B involved with Grx4p in the deglutathionylation of Sir2p C restoring deacetylase activity after disulfide stress,4
1321,admin,admin,2023-04-16,2023-04-16T22:56:51+0000,889751,892492,+,gene,unknown,YDR213W,UPC2,sgd/S288C_reference_genome_R64-3-1_20210421,"UPC2,MOX4",Sterol regulatory element binding protein B induces sterol biosynthetic genes C upon sterol depletion B acts as a sterol sensor C binding ergosterol in sterol rich conditions B relocates from intracellular membranes to perinuclear foci upon sterol depletion B redundant activator of filamentation with ECM22 C up-regulating the expression of filamentous growth genes B contains a Zn[2]-Cys[6] binuclear cluster B UPC2 has a paralog C ECM22 C that arose from the whole genome duplication,4
1331,admin,admin,2023-04-16,2023-04-16T22:56:51+0000,912099,913502,+,gene,unknown,YDR223W,CRF1,sgd/S288C_reference_genome_R64-3-1_20210421,CRF1,Transcriptional corepressor B involved in repression of ribosomal protein  RP  gene transcription via the TOR signaling pathway which promotes accumulation of Crf1p in the nucleus B role in repression of RP genes varies by strain B CRF1 has a paralog C IFH1 C that arose from the whole genome duplication,4
1528,admin,admin,2023-04-16,2023-04-16T22:56:51+0000,1258696,1259709,+,gene,unknown,YDR392W,SPT3,sgd/S288C_reference_genome_R64-3-1_20210421,"SPT3,transcriptional_regulator_SPT3",Subunit of the SAGA and SAGA-like transcriptional regulatory complexes B interacts with Spt15p to activate transcription of some RNA polymerase II-dependent genes C also functions to inhibit transcription at some promoters B relocalizes to the cytosol in response to hypoxia,4
1581,admin,admin,2023-04-16,2023-04-16T22:56:51+0000,1345676,1349938,-,gene,unknown,YDR443C,SSN2,sgd/S288C_reference_genome_R64-3-1_20210421,"SSN2,MED13,NUT8,RYE3,SCA1,SRB9,SSX5,UME2",Subunit of the RNA polymerase II mediator complex B associates with core polymerase subunits to form the RNA polymerase II holoenzyme B required for stable association of Srb10p-Srb11p kinase B essential for transcriptional regulation,4
1587,admin,admin,2023-04-16,2023-04-16T22:56:51+0000,1356065,1357369,+,gene,unknown,YDR448W,ADA2,sgd/S288C_reference_genome_R64-3-1_20210421,"ADA2,SWI8,chromatin-binding_transcription_regulator_ADA2",Transcription coactivator B component of the ADA and SAGA transcriptional adaptor/HAT  histone acetyltransferase  complexes,4
1621,admin,admin,2023-04-16,2023-04-16T22:56:51+0000,1417399,1418370,+,gene,unknown,YDR480W,DIG2,sgd/S288C_reference_genome_R64-3-1_20210421,"DIG2,RST2",MAP kinase-responsive inhibitor of the Ste12p transcription factor B involved in the regulation of mating-specific genes and the invasive growth pathway B related regulators Dig1p and Dig2p bind to Ste12p B DIG2 has a paralog C DIG1 C that arose from the whole genome duplication,4
2022,admin,admin,2023-04-16,2023-04-16T22:56:51+0000,523369,525759,+,gene,unknown,YER169W,RPH1,sgd/S288C_reference_genome_R64-3-1_20210421,"RPH1,KDM4",JmjC domain-containing histone demethylase B targets tri- and dimethylated H3K36 B associates with actively transcribed regions and promotes elongation B repressor of autophagy-related genes in nutrient-replete conditions B damage-responsive repressor of PHR1 B phosphorylated by the Rad53p-dependent DNA damage checkpoint pathway and by a Rim1p-mediated event during starvation B target of stress-induced hormesis B RPH1 has a paralog C GIS1 C that arose from the whole genome duplication,5
2028,admin,admin,2023-04-16,2023-04-16T22:56:51+0000,538434,539168,-,gene,unknown,YER174C,GRX4,sgd/S288C_reference_genome_R64-3-1_20210421,"GRX4,monothiol_glutaredoxin_GRX4",Glutathione-dependent oxidoreductase and glutathione S-transferase B hydroperoxide/superoxide-radical responsive monothiol glutaredoxin subfamily member with Grx3p and Grx5p B protects cells from oxidative damage with GRX3 and GRX5 B with Grx3p C promotes dissociation of Aft1p from iron regulon gene promoters and subsequent nuclear export in iron-replete conditions C regulating iron homeostasis B involved with Grx3p in Sir2p deglutathionylation C restoring deacetylase activity after disulfide stress,5
2032,admin,admin,2023-04-16,2023-04-16T22:56:51+0000,545611,546414,+,gene,unknown,YER177W,BMH1,sgd/S288C_reference_genome_R64-3-1_20210421,"BMH1,14-3-3_family_protein_BMH1,APR6",14-3-3 protein C major isoform B controls proteome at post-transcriptional level C binds proteins and DNA C involved in regulation of exocytosis C vesicle transport C Ras/MAPK and rapamycin-sensitive signaling C aggresome formation C spindle position checkpoint B protein increases in abundance and relative distribution to the nucleus increases upon DNA replication stress B antiapoptotic gene similar to human -3-3 B BMH1 has a paralog C BMH2 C that arose from whole genome duplication,5
2041,admin,admin,2023-04-16,2023-04-16T22:56:51+0000,556296,558680,-,gene,unknown,YER184C,TOG1,sgd/S288C_reference_genome_R64-3-1_20210421,TOG1,Transcriptional activator of oleate genes B regulates genes involved in fatty acid utilization B zinc cluster protein B deletion confers sensitivity to Calcufluor white C and prevents growth on glycerol or lactate as sole carbon source,5
2089,admin,admin,2023-04-16,2023-04-16T22:56:51+0000,75179,76147,+,gene,unknown,YFL031W,HAC1,sgd/S288C_reference_genome_R64-3-1_20210421,"HAC1,ERN4,IRE15,transcription_factor_HAC1",Basic leucine zipper  bZIP  transcription factor  ATF/CREB1 homolog  B regulates the unfolded protein response C via UPRE binding C and membrane biogenesis B ER stress-induced splicing pathway triggers efficient Hac1p translation B two functional forms of Hac1p are produced B translation initiation is repressed under non-stress conditions B protein abundance increases in response to DNA replication stress,6
2066,admin,admin,2023-04-16,2023-04-16T22:56:51+0000,28232,29629,+,gene,unknown,YFL052W,ZNF1,sgd/S288C_reference_genome_R64-3-1_20210421,"ZNF1,DNA-binding_domain_containing_protein",Zinc cluster transcription factor that regulates respiratory growth B binds to promoters of genes involved in respiration C gluconeogenesis C and the glyoxylate shunt B required for normal carbon source utilization and stress response,6
2472,admin,admin,2023-04-16,2023-04-16T22:56:51+0000,448764,449957,-,gene,unknown,YGL025C,PGD1,sgd/S288C_reference_genome_R64-3-1_20210421,"PGD1,HRS1,MED3",Subunit of the RNA polymerase II mediator complex B associates with core polymerase subunits to form the RNA polymerase II holoenzyme B essential for basal and activated transcription B direct target of Cyc8p-Tup1p transcriptional corepressor,7
2315,admin,admin,2023-04-16,2023-04-16T22:56:51+0000,191129,191806,+,gene,unknown,YGL166W,CUP2,sgd/S288C_reference_genome_R64-3-1_20210421,"CUP2,ACE1",Copper-binding transcription factor B activates transcription of the metallothionein genes CUP1-1 and CUP1-2 in response to elevated copper concentrations B required for regulation of copper genes in response to DNA-damaging reagents B CUP2 has a paralog C HAA1 C that arose from the whole genome duplication,7
2228,admin,admin,2023-04-16,2023-04-16T22:56:51+0000,41498,43174,+,gene,unknown,YGL244W,RTF1,sgd/S288C_reference_genome_R64-3-1_20210421,"RTF1,CSL3",Subunit of RNAPII-associated chromatin remodeling Paf1 complex B regulates gene expression by directing cotranscriptional histone modification C influences transcription and chromatin structure through several independent functional domains B directly or indirectly regulates DNA-binding properties of Spt15p and relative activities of different TATA elements B involved in transcription elongation as demonstrated by the G-less-based run-on  GLRO  assay,7
2219,admin,admin,2023-04-16,2023-04-16T22:56:51+0000,25718,27484,-,gene,unknown,YGL252C,RTG2,sgd/S288C_reference_genome_R64-3-1_20210421,RTG2,Sensor of mitochondrial dysfunction B regulates the subcellular location of Rtg1p and Rtg3p C transcriptional activators of the retrograde  RTG  and TOR pathways B Rtg2p is inhibited by the phosphorylated form of Mks1p,7
2550,admin,admin,2023-04-16,2023-04-16T22:56:51+0000,575398,576504,+,gene,unknown,YGR040W,KSS1,sgd/S288C_reference_genome_R64-3-1_20210421,"KSS1,mitogen-activated_serine/threonine-protein_kinase_KSS1",Mitogen-activated protein kinase  MAPK  B involved in signal transduction pathways that control filamentous growth and pheromone response B regulates septum assembly C and may directly phosphorylate Bni4p B the KSS1 gene is nonfunctional in S288C strains and functional in W303 strains,7
2574,admin,admin,2023-04-16,2023-04-16T22:56:51+0000,617516,617824,-,gene,unknown,YGR063C,SPT4,sgd/S288C_reference_genome_R64-3-1_20210421,"SPT4,transcription_elongation_factor_SPT4",Spt4p/5p  DSIF  transcription elongation factor complex subunit B the Spt4/5 complex binds to ssRNA in a sequence-specific manner C and along with RNAP I and II has multiple roles regulating transcriptional elongation C RNA processing C quality control C and transcription-coupled repair B localizes to kinetochores and heterochromatin C influencing chromosomal dynamics and silencing B required for transcription through long trinucleotide repeats in ORFs and non-protein coding regions,7
2617,admin,admin,2023-04-16,2023-04-16T22:56:51+0000,697445,698368,-,gene,unknown,YGR104C,SRB5,sgd/S288C_reference_genome_R64-3-1_20210421,"SRB5,MED18",Subunit of the RNA polymerase II mediator complex B associates with core polymerase subunits to form the RNA polymerase II holoenzyme B essential for transcriptional regulation B required for proper termination of transcription for some genes B involved in telomere maintenance,7
2798,admin,admin,2023-04-16,2023-04-16T22:56:51+0000,996869,998188,+,gene,unknown,YGR252W,GCN5,sgd/S288C_reference_genome_R64-3-1_20210421,"GCN5,AAS104,ADA4,KAT2,SWI9,histone_acetyltransferase_GCN5",Catalytic subunit of ADA and SAGA histone acetyltransferase complexes B modifies N-terminal lysines on histones H2B and H3 B acetylates Rsc4p C a subunit of the RSC chromatin-remodeling complex C altering replication stress tolerance B relocalizes to the cytosol in response to hypoxia B mutant displays reduced transcription elongation in the G-less-based run-on  GLRO  assay B greater involvement in repression of RNAPII-dependent transcription than in activation,7
2896,admin,admin,2023-04-16,2023-04-16T22:56:51+0000,84068,85060,-,gene,unknown,YHL009C,YAP3,sgd/S288C_reference_genome_R64-3-1_20210421,YAP3,Basic leucine zipper  bZIP  transcription factor,8
2883,admin,admin,2023-04-16,2023-04-16T22:56:51+0000,66242,67456,-,gene,unknown,YHL020C,OPI1,sgd/S288C_reference_genome_R64-3-1_20210421,"OPI1,transcriptional_regulator_OPI1",Transcriptional regulator of a variety of genes B phosphorylation by protein kinase A stimulates Opi1p function in negative regulation of phospholipid biosynthetic genes B involved in telomere maintenance B null exhibits disrupted mitochondrial metabolism and low cardiolipin content C strongly correlated with overproduction of inositol B binds to phosphatidic acid,8
2963,admin,admin,2023-04-16,2023-04-16T22:56:51+0000,189131,189864,-,gene,unknown,YHR041C,SRB2,sgd/S288C_reference_genome_R64-3-1_20210421,"SRB2,HRS2,MED20",Subunit of the RNA polymerase II mediator complex B associates with core polymerase subunits to form the RNA polymerase II holoenzyme B general transcription factor involved in telomere maintenance,8
3065,admin,admin,2023-04-16,2023-04-16T22:56:51+0000,356561,358444,+,gene,unknown,YHR124W,NDT80,sgd/S288C_reference_genome_R64-3-1_20210421,"NDT80,transcription_factor_NDT80",Meiosis-specific transcription factor B required for exit from pachytene and for full meiotic recombination B activates middle sporulation genes B competes with Sum1p for binding to promoters containing middle sporulation elements  MSE  ,8
3327,admin,admin,2023-04-16,2023-04-16T22:56:51+0000,249991,251913,+,gene,unknown,YIL056W,VHR1,sgd/S288C_reference_genome_R64-3-1_20210421,VHR1,Transcriptional activator B required for the vitamin H-responsive element  VHRE  mediated induction of VHT1  Vitamin H transporter  and BIO5  biotin biosynthesis intermediate transporter  in response to low biotin concentrations B VHR1 has a paralog C VHR2 C that arose from the whole genome duplication,9
3275,admin,admin,2023-04-16,2023-04-16T22:56:51+0000,175307,177250,-,gene,unknown,YIL101C,XBP1,sgd/S288C_reference_genome_R64-3-1_20210421,XBP1,Transcriptional repressor B binds promoter sequences of cyclin genes C CYS3 C and SMF2 B not expressed during log phase of growth C but induced by stress or starvation during mitosis C and late in meiosis B represses % of all yeast genes as cells transition to quiescence B important for maintaining G1 arrest and for longevity of quiescent cells B member of Swi4p/Mbp1p family B phosphorylated by Cdc28p B relative distribution to nucleus increases upon DNA replication stress,9
3415,admin,admin,2023-04-16,2023-04-16T22:56:51+0000,384609,385346,+,gene,unknown,YIR018W,YAP5,sgd/S288C_reference_genome_R64-3-1_20210421,YAP5,Basic leucine zipper  bZIP  iron-sensing transcription factor B senses high-iron conditions via two Fe/S clusters bound to its activator domain B involved in diauxic shift B YAP5 has a paralog C YAP7 C that arose from the whole genome duplication,9
3426,admin,admin,2023-04-16,2023-04-16T22:56:51+0000,399777,402689,+,gene,unknown,YIR023W,DAL81,sgd/S288C_reference_genome_R64-3-1_20210421,"DAL81,DURL,UGA35",Positive regulator of genes in multiple nitrogen degradation pathways B contains DNA binding domain but does not appear to bind the dodecanucleotide sequence present in the promoter region of many genes involved in allantoin catabolism,9
3637,admin,admin,2023-04-16,2023-04-16T22:56:51+0000,330431,333073,-,gene,unknown,YJL056C,ZAP1,sgd/S288C_reference_genome_R64-3-1_20210421,"ZAP1,ZRG10",Zinc-regulated transcription factor B binds to zinc-responsive promoters to induce transcription of certain genes in presence of zinc C represses other genes in low zinc B regulates its own transcription B contains seven zinc-finger domains,10
3586,admin,admin,2023-04-16,2023-04-16T22:56:51+0000,229025,230881,-,gene,unknown,YJL103C,GSM1,sgd/S288C_reference_genome_R64-3-1_20210421,GSM1,Putative zinc cluster protein of unknown function B proposed to be involved in the regulation of energy metabolism C based on patterns of expression and sequence analysis,10
3806,admin,admin,2023-04-16,2023-04-16T22:56:51+0000,604569,605651,-,gene,unknown,YJR094C,IME1,sgd/S288C_reference_genome_R64-3-1_20210421,"IME1,transcription_factor_IME1",Master regulator of meiosis that is active only during meiotic events B activates transcription of early meiotic genes through interaction with Ume6p B degraded by the S proteasome following phosphorylation by Ime2p B transcription is negatively regulated in cis by the IRT1 long noncoding antisense RNA,10
3844,admin,admin,2023-04-16,2023-04-16T22:56:51+0000,658917,663059,-,gene,unknown,YJR127C,RSF2,sgd/S288C_reference_genome_R64-3-1_20210421,"RSF2,ZMS1",Zinc-finger protein B involved in transcriptional control of both nuclear and mitochondrial genes C many of which specify products required for glycerol-based growth C respiration C and other functions B RSF2 has a paralog C TDA9 C that arose from the whole genome duplication B relocalizes from nucleus to cytoplasm upon DNA replication stress,10
3859,admin,admin,2023-04-16,2023-04-16T22:56:51+0000,690750,695696,-,gene,unknown,YJR140C,HIR3,sgd/S288C_reference_genome_R64-3-1_20210421,"HIR3,HPC1",Subunit of the HIR complex B a nucleosome assembly complex involved in regulation of histone gene transcription B involved in position-dependent gene silencing and nucleosome reassembly B ortholog of human CABIN1 protein,10
4089,admin,admin,2023-04-16,2023-04-16T22:56:51+0000,356748,357848,+,gene,unknown,YKL043W,PHD1,sgd/S288C_reference_genome_R64-3-1_20210421,PHD1,Transcriptional activator that enhances pseudohyphal growth B physically interacts with the Tup1-Cyc8 complex and recruits Tup1p to its targets B regulates expression of FLO11 C an adhesin required for pseudohyphal filament formation B similar to StuA C an A. nidulans developmental regulator B potential Cdc28p substrate B PHD1 has a paralog C SOK2 C that arose from the whole genome duplication,11
4069,admin,admin,2023-04-16,2023-04-16T22:56:51+0000,323228,325120,+,gene,unknown,YKL062W,MSN4,sgd/S288C_reference_genome_R64-3-1_20210421,"MSN4,stress-responsive_transcriptional_activator_MSN4",Stress-responsive transcriptional activator B activated in stochastic pulses of nuclear localization in response to various stress conditions B binds DNA at stress response elements of responsive genes C inducing gene expression B involved in diauxic shift,11
4208,admin,admin,2023-04-16,2023-04-16T22:56:51+0000,562547,565138,+,gene,unknown,YKR064W,OAF3,sgd/S288C_reference_genome_R64-3-1_20210421,OAF3,Putative transcriptional repressor with Zn  -Cys   finger B negatively regulates transcription in response to oleate levels C based on mutant phenotype and localization to oleate-responsive promoters B the authentic C non-tagged protein is detected in highly purified mitochondria in high-throughput studies B forms nuclear foci upon DNA replication stress,11
4270,admin,admin,2023-04-16,2023-04-16T22:56:51+0000,32673,35204,-,gene,unknown,YLL054C,unknown,sgd/S288C_reference_genome_R64-3-1_20210421,unknown,Putative protein of unknown function with similarity to Pip2p B an oleate-specific transcriptional activator of peroxisome proliferation B YLL054C is not an essential gene,12
4339,admin,admin,2023-04-16,2023-04-16T22:56:51+0000,169103,169678,+,gene,unknown,YLR011W,LOT6,sgd/S288C_reference_genome_R64-3-1_20210421,"LOT6,flavin-dependent_quinone_reductase",FMN-dependent NAD P H:quinone reductase B role in apoptosis-like cell death B may be involved in quinone detoxification B expression elevated at low temperature B sequesters the Cin5p transcription factor in the cytoplasm in complex with the proteasome under reducing conditions,12
4341,admin,admin,2023-04-16,2023-04-16T22:56:51+0000,171339,171764,+,gene,unknown,YLR013W,GAT3,sgd/S288C_reference_genome_R64-3-1_20210421,GAT3,Protein containing GATA family zinc finger motifs B involved in spore wall assembly B sequence similarity to GAT4 C and the double mutant gat3 gat4 exhibits reduced dityrosine fluorescence relative to the single mutants,12
4342,admin,admin,2023-04-16,2023-04-16T22:56:51+0000,172268,174982,-,gene,unknown,YLR014C,PPR1,sgd/S288C_reference_genome_R64-3-1_20210421,PPR1,Zinc finger transcription factor B contains a Zn  -Cys   binuclear cluster domain C positively regulates transcription of URA1 C URA3 C URA4 C and URA10 C which are involved in de novo pyrimidine biosynthesis C in response to pyrimidine starvation B activity may be modulated by interaction with Tup1p,12
4386,admin,admin,2023-04-16,2023-04-16T22:56:51+0000,251272,253080,-,gene,unknown,YLR055C,SPT8,sgd/S288C_reference_genome_R64-3-1_20210421,"SPT8,SAGA_complex_subunit_SPT8",Subunit of the SAGA transcriptional regulatory complex B not present in SAGA-like complex SLIK/SALSA B required for SAGA-mediated inhibition at some promoters,12
4402,admin,admin,2023-04-16,2023-04-16T22:56:51+0000,275378,278626,-,gene,unknown,YLR071C,RGR1,sgd/S288C_reference_genome_R64-3-1_20210421,"RGR1,MED14",Subunit of the RNA polymerase II mediator complex B associates with core polymerase subunits to form the RNA polymerase II holoenzyme B required for glucose repression C HO repression C RME1 repression and sporulation,12
4610,admin,admin,2023-04-16,2023-04-16T22:56:51+0000,600019,602463,-,gene,unknown,YLR228C,ECM22,sgd/S288C_reference_genome_R64-3-1_20210421,ECM22,Sterol regulatory element binding protein B regulates transcription of sterol biosynthetic genes upon sterol depletion C after relocating from intracellular membranes to perinuclear foci B redundant activator of filamentation with UPC2 C up-regulating the expression of genes involved in filamentous growth B contains Zn[2]-Cys[6] binuclear cluster B ECM22 has a paralog C UPC2 C that arose from the whole genome duplication,12
4640,admin,admin,2023-04-16,2023-04-16T22:56:51+0000,646415,650923,+,gene,unknown,YLR256W,HAP1,sgd/S288C_reference_genome_R64-3-1_20210421,"HAP1,CYP1",Zinc finger transcription factor B involved in the complex regulation of gene expression in response to levels of heme and oxygen B localizes to the mitochondrion as well as to the nucleus B the S288C sequence differs from other strain backgrounds due to a Ty1 insertion in the carboxy terminus,12
4654,admin,admin,2023-04-16,2023-04-16T22:56:51+0000,675619,677724,-,gene,unknown,YLR266C,PDR8,sgd/S288C_reference_genome_R64-3-1_20210421,PDR8,Transcription factor B targets include ATP-binding cassette  ABC  transporters C major facilitator superfamily transporters C and other genes involved in the pleiotropic drug resistance  PDR  phenomenon B PDR8 has a paralog C YRR1 C that arose from the whole genome duplication,12
4836,admin,admin,2023-04-16,2023-04-16T22:56:51+0000,956914,958095,-,gene,unknown,YLR418C,CDC73,sgd/S288C_reference_genome_R64-3-1_20210421,CDC73,Component of the Paf1p complex B binds to and modulates the activity of RNA polymerases I and II B required for expression of certain genes C modification of some histones C and telomere maintenance B involved in transcription elongation as demonstrated by the G-less-based run-on  GLRO  assay B protein abundance increases in response to DNA replication stress B human homolog C parafibromin C is a tumour suppressor linked to breast C renal and gastric cancers,12
5045,admin,admin,2023-04-16,2023-04-16T22:56:51+0000,253848,255800,+,gene,unknown,YML007W,YAP1,sgd/S288C_reference_genome_R64-3-1_20210421,"YAP1,DNA-binding_transcription_factor_YAP1,PAR1,PDR4,SNQ3",Basic leucine zipper  bZIP  transcription factor B required for oxidative stress tolerance B activated by H2O2 through the multistep formation of disulfide bonds and transit from the cytoplasm to the nucleus B Yap1p is degraded in the nucleus after the oxidative stress has passed B mediates resistance to cadmium B relative distribution to the nucleus increases upon DNA replication stress B YAP1 has a paralog C CAD1 C that arose from the whole genome duplication,13
4962,admin,admin,2023-04-16,2023-04-16T22:56:51+0000,112513,115347,-,gene,unknown,YML076C,WAR1,sgd/S288C_reference_genome_R64-3-1_20210421,WAR1,Homodimeric Zn2Cys6 zinc finger transcription factor B binds to a weak acid response element to induce transcription of PDR12 and FUN34 C encoding an acid transporter and a putative ammonia transporter C respectively,13
5085,admin,admin,2023-04-16,2023-04-16T22:56:51+0000,317165,318418,-,gene,unknown,YMR021C,MAC1,sgd/S288C_reference_genome_R64-3-1_20210421,"MAC1,CUA1",Copper-sensing transcription factor B involved in regulation of genes required for high affinity copper transport B required for regulation of yeast copper genes in response to DNA-damaging agents B undergoes changes in redox state in response to changing levels of copper or MMS,13
5106,admin,admin,2023-04-16,2023-04-16T22:56:51+0000,348644,349522,-,gene,unknown,YMR039C,SUB1,sgd/S288C_reference_genome_R64-3-1_20210421,"SUB1,TSP1,chromatin-binding_transcription_coactivator_SUB1",Transcriptional regulator B facilitates elongation through factors that modify RNAP II B role in peroxide resistance involving Rad2p B role in nonhomologous end-joining  NHEJ  of ds breaks in plasmid DNA C but not chromosomal DNA B role in the hyperosmotic stress response through polymerase recruitment at RNAP II and RNAP III genes B negatively regulates sporulation B protein abundance increases in response to DNA replication stress B functionally complemented by human SUB1  PC4 ,13
5143,admin,admin,2023-04-16,2023-04-16T22:56:51+0000,409154,410626,+,gene,unknown,YMR070W,MOT3,sgd/S288C_reference_genome_R64-3-1_20210421,"MOT3,ROX7,[MOT3+],[MOT3]",Transcriptional repressor C activator B role in cellular adjustment to osmotic stress including modulation of mating efficiency B involved in repression of subset of hypoxic genes by Rox1p C repression of several DAN/TIR genes during aerobic growth C ergosterol biosynthetic genes in response to hyperosmotic stress B contributes to recruitment of Tup1p-Cyc8p general repressor to promoters B relocalizes to cytosol under hypoxia B forms [MOT3+] prion under anaerobic conditions,13
5220,admin,admin,2023-04-16,2023-04-16T22:56:51+0000,541199,542881,+,gene,unknown,YMR136W,GAT2,sgd/S288C_reference_genome_R64-3-1_20210421,GAT2,Protein containing GATA family zinc finger motifs B similar to Gln3p and Dal80p B expression repressed by leucine,13
5254,admin,admin,2023-04-16,2023-04-16T22:56:51+0000,587274,589550,-,gene,unknown,YMR164C,MSS11,sgd/S288C_reference_genome_R64-3-1_20210421,MSS11,Transcription factor B involved in regulation of invasive growth and starch degradation B controls the activation of FLO11 and STA2 in response to nutritional signals B forms a heterodimer with Flo8p that interacts with the Swi/Snf complex during transcriptional activation of FLO1 C FLO11 C and STA1,13
5262,admin,admin,2023-04-16,2023-04-16T22:56:51+0000,605981,608140,+,gene,unknown,YMR172W,HOT1,sgd/S288C_reference_genome_R64-3-1_20210421,HOT1,Transcription factor for glycerol biosynthetic genes B required for the transient induction of glycerol biosynthetic genes GPD1 and GPP2 in response to high osmolarity B targets Hog1p to osmostress responsive promoters B has similarity to Msn1p and Gcr1p,13
5328,admin,admin,2023-04-16,2023-04-16T22:56:51+0000,724626,725651,+,gene,unknown,YMR228W,MTF1,sgd/S288C_reference_genome_R64-3-1_20210421,"MTF1,RNA_polymerase_specificity_factor",Mitochondrial RNA polymerase specificity factor B has structural similarity to S-adenosylmethionine-dependent methyltransferases and functional similarity to bacterial sigma-factors B Mtf1p interacts with and stabilizes the Rpo41p-promoter complex C enhancing DNA bending and melting to facilitate pre-initiation open complex formation,13
5793,admin,admin,2023-04-16,2023-04-16T22:56:51+0000,588263,591160,-,gene,unknown,YNL023C,FAP1,sgd/S288C_reference_genome_R64-3-1_20210421,FAP1,Protein that binds to Fpr1p B confers rapamycin resistance by competing with rapamycin for Fpr1p binding B accumulates in the nucleus upon treatment of cells with rapamycin B has similarity to D. melanogaster shuttle craft and human NFX1,14
5698,admin,admin,2023-04-16,2023-04-16T22:56:51+0000,427735,429753,+,gene,unknown,YNL103W,MET4,sgd/S288C_reference_genome_R64-3-1_20210421,MET4,Leucine-zipper transcriptional activator B responsible for regulation of sulfur amino acid pathway B requires different combinations of auxiliary factors Cbf1p C Met28p C Met31p and Met32p B feedforward loop exists in the regulation of genes controlled by Met4p and Met32p B can be ubiquitinated by ubiquitin ligase SCF-Met30p C is either degraded or maintained in an inactive state B regulates degradation of its own DNA-binding cofactors by targeting them to SCF-Met30p,14
5564,admin,admin,2023-04-16,2023-04-16T22:56:51+0000,219137,220201,-,gene,unknown,YNL229C,URE2,sgd/S288C_reference_genome_R64-3-1_20210421,"URE2,[URE3],glutathione_peroxidase",Nitrogen catabolite repression transcriptional regulator B inhibits GLN3 transcription in good nitrogen source B role in sequestering Gln3p and Gat1p to the cytoplasm B has glutathione peroxidase activity and can mutate to acquire GST activity B self-assembly under limited nitrogen conditions creates [URE3] prion and releases catabolite repression,14
5557,admin,admin,2023-04-16,2023-04-16T22:56:51+0000,206930,209854,+,gene,unknown,YNL236W,SIN4,sgd/S288C_reference_genome_R64-3-1_20210421,"SIN4,BEL2,GAL22,MED16,RYE1,SDI3,SSF5,SSN4,SSX3,TSF3",Subunit of the RNA polymerase II mediator complex B associates with core polymerase subunits to form the RNA polymerase II holoenzyme B contributes to both postive and negative transcriptional regulation B dispensible for basal transcription,14
5536,admin,admin,2023-04-16,2023-04-16T22:56:51+0000,160631,164320,-,gene,unknown,YNL257C,SIP3,sgd/S288C_reference_genome_R64-3-1_20210421,"SIP3,LAM3",Putative sterol transfer protein B has a probable role in retrograde transport of sterols from the plasma membrane to the ER B co-localizes to puncta in the cortical ER with Ysp2p B contains GRAM C StART-like  VASt  and two PH-like domains B one of  StART-like domain-containing proteins in yeast that may be involved in sterol transfer between intracellular membranes B conserved across eukaryotes B previously identified as a transcription cofactor that interacts with DNA-bound Snf1p,14
5472,admin,admin,2023-04-16,2023-04-16T22:56:51+0000,44447,45214,+,gene,unknown,YNL314W,DAL82,sgd/S288C_reference_genome_R64-3-1_20210421,"DAL82,DURM",Positive regulator of allophanate inducible genes B binds a dodecanucleotide sequence upstream of all genes that are induced by allophanate B contains an UISALL DNA-binding C a transcriptional activation C and a coiled-coil domain,14
5456,admin,admin,2023-04-16,2023-04-16T22:56:51+0000,18001,19302,-,gene,unknown,YNL330C,RPD3,sgd/S288C_reference_genome_R64-3-1_20210421,"RPD3,MOF6,REC3,SDI2,SDS6,histone_deacetylase_RPD3",Histone deacetylase C component of both the Rpd3S and Rpd3L complexes B regulates transcription C silencing C autophagy and other processes by influencing chromatin remodeling B forms at least two different complexes which have distinct functions and members B Rpd3 L  recruitment to the subtelomeric region is regulated by interaction with the arginine methyltransferase C Hmt1p,14
5829,admin,admin,2023-04-16,2023-04-16T22:56:51+0000,642690,643439,+,gene,unknown,YNR009W,NRM1,sgd/S288C_reference_genome_R64-3-1_20210421,NRM1,Transcriptional co-repressor of MBF-regulated gene expression B Nrm1p associates stably with promoters via MCB binding factor  MBF  to repress transcription upon exit from G1 phase,14
5830,admin,admin,2023-04-16,2023-04-16T22:56:51+0000,643744,644193,+,gene,unknown,YNR010W,CSE2,sgd/S288C_reference_genome_R64-3-1_20210421,"CSE2,MED9",Subunit of the RNA polymerase II mediator complex B associates with core polymerase subunits to form the RNA polymerase II holoenzyme B component of the Middle domain of mediator B required for regulation of RNA polymerase II activity B relocalizes to the cytosol in response to hypoxia,14
6091,admin,admin,2023-04-16,2023-04-16T22:56:51+0000,316938,321548,+,gene,unknown,YOL004W,SIN3,sgd/S288C_reference_genome_R64-3-1_20210421,"SIN3,CPE1,GAM2,RPD1,SDI1,SDS16,UME4,transcriptional_regulator_SIN3",Component of both the Rpd3S and Rpd3L histone deacetylase complexes B involved in transcriptional repression and activation of diverse processes C including mating-type switching and meiosis B involved in the maintenance of chromosomal integrity,15
6035,admin,admin,2023-04-16,2023-04-16T22:56:51+0000,234940,238185,+,gene,unknown,YOL051W,GAL11,sgd/S288C_reference_genome_R64-3-1_20210421,"GAL11,ABE1,MED15,RAR3,SDS4,SPT13",Subunit of the RNA polymerase II mediator complex B associates with core polymerase subunits to form the RNA polymerase II holoenzyme B affects transcription by acting as target of activators and repressors B forms part of the tail domain of mediator,15
5966,admin,admin,2023-04-16,2023-04-16T22:56:51+0000,111431,111886,-,gene,unknown,YOL108C,INO4,sgd/S288C_reference_genome_R64-3-1_20210421,INO4,Transcription factor involved in phospholipid synthesis B required for derepression of inositol-choline-regulated genes involved in phospholipid synthesis B forms a complex C with Ino2p C that binds the inositol-choline-responsive element through a basic helix-loop-helix domain,15
5928,admin,admin,2023-04-16,2023-04-16T22:56:51+0000,49555,52788,-,gene,unknown,YOL145C,CTR9,sgd/S288C_reference_genome_R64-3-1_20210421,"CTR9,CDP1",Component of the Paf1p complex involved in transcription elongation B binds to and modulates the activity of RNA polymerases I and II B required for expression of a subset of genes C including cyclin genes B involved in SER3 repression by helping to maintain SRG1 transcription-dependent nucleosome occupancy B contains TPR repeats,15
5925,admin,admin,2023-04-16,2023-04-16T22:56:51+0000,45760,47574,-,gene,unknown,YOL148C,SPT20,sgd/S288C_reference_genome_R64-3-1_20210421,"SPT20,ADA5",Subunit of the SAGA transcriptional regulatory complex B involved in maintaining the integrity of the complex B mutant displays reduced transcription elongation in the G-less-based run-on  GLRO  assay,15
6131,admin,admin,2023-04-16,2023-04-16T22:56:51+0000,389771,391075,-,gene,unknown,YOR032C,HMS1,sgd/S288C_reference_genome_R64-3-1_20210421,HMS1,bHLH protein with similarity to myc-family transcription factors B overexpression confers hyperfilamentous growth and suppresses the pseudohyphal filamentation defect of a diploid mep1 mep2 homozygous null mutant,15
6139,admin,admin,2023-04-16,2023-04-16T22:56:51+0000,402761,405388,-,gene,unknown,YOR038C,HIR2,sgd/S288C_reference_genome_R64-3-1_20210421,"HIR2,SPT1",Subunit of HIR nucleosome assembly complex B involved in regulation of histone gene transcription B recruits Swi-Snf complexes to histone gene promoters B promotes heterochromatic gene silencing with Asf1p B relocalizes to the cytosol in response to hypoxia,15
6191,admin,admin,2023-04-16,2023-04-16T22:56:51+0000,479533,480420,+,gene,unknown,YOR083W,WHI5,sgd/S288C_reference_genome_R64-3-1_20210421,"WHI5,transcriptional_repressor_WHI5",Repressor of G1 transcription B binds to SCB binding factor  SBF  at SCB target promoters in early G1 B dilution of Whi5p concentration during cell growth determines cell size B phosphorylation of Whi5p by the CDK C Cln3p/Cdc28p relieves repression and promoter binding by Whi5 C and contributes to both the determination of critical cell size at START and cell fate B periodically expressed in G1,15
6232,admin,admin,2023-04-16,2023-04-16T22:56:51+0000,553176,554570,-,gene,unknown,YOR123C,LEO1,sgd/S288C_reference_genome_R64-3-1_20210421,LEO1,Component of the Paf1 complex B which associates with RNA polymerase II and is involved in histone methylation B plays a role in regulating Ty1 transposition B involved in transcription elongation as demonstrated by the G-less-based run-on  GLRO  assay,15
6250,admin,admin,2023-04-16,2023-04-16T22:56:51+0000,586981,589281,+,gene,unknown,YOR140W,SFL1,sgd/S288C_reference_genome_R64-3-1_20210421,SFL1,Transcriptional repressor and activator B involved in repression of flocculation-related genes C and activation of stress responsive genes B has direct role in INO1 transcriptional memory B negatively regulated by cAMP-dependent protein kinase A subunit Tpk2p B premature stop codon  C1430T C Q477-stop  in SK1 background is linked to the aggressively invasive phenotype of SK1 relative to BY4741  S288C ,15
6353,admin,admin,2023-04-16,2023-04-16T22:56:51+0000,768409,769812,+,gene,unknown,YOR229W,WTM2,sgd/S288C_reference_genome_R64-3-1_20210421,"WTM2,transcriptional_modulator",Transcriptional modulator B involved in regulation of meiosis C silencing C and expression of RNR genes B involved in response to replication stress B contains WD repeats B relocalizes to the cytosol in response to hypoxia B WTM2 has a paralog C UME1 C that arose from the whole genome duplication,15
6354,admin,admin,2023-04-16,2023-04-16T22:56:51+0000,770800,772113,+,gene,unknown,YOR230W,WTM1,sgd/S288C_reference_genome_R64-3-1_20210421,"WTM1,transcriptional_modulator",Transcriptional modulator B involved in regulation of meiosis C silencing C and expression of RNR genes B required for nuclear localization of the ribonucleotide reductase small subunit Rnr2p and Rnr4p B contains WD repeats,15
6419,admin,admin,2023-04-16,2023-04-16T22:56:51+0000,855147,860258,-,gene,unknown,YOR290C,SNF2,sgd/S288C_reference_genome_R64-3-1_20210421,"SNF2,GAM1,HAF1,SWI/SNF_catalytic_subunit_SNF2,SWI2,TYE3",Catalytic subunit of the SWI/SNF chromatin remodeling complex B involved in transcriptional regulation B contains DNA-stimulated ATPase activity B functions interdependently in transcriptional activation with Snf5p and Snf6p,15
6425,admin,admin,2023-04-16,2023-04-16T22:56:51+0000,869208,869894,+,gene,unknown,YOR295W,UAF30,sgd/S288C_reference_genome_R64-3-1_20210421,UAF30,Subunit of UAF  upstream activation factor  complex B UAF is an RNA polymerase I specific transcription stimulatory factor composed of Uaf30p C Rrn5p C Rrn9p C Rrn10p C histones H3 and H4 B targeting factor for the UAF that facilitates activation of many rDNA genes B deletion decreases cellular growth rate B UAF30 has a paralog C TRI1 C that arose from the whole genome duplication,15
6503,admin,admin,2023-04-16,2023-04-16T22:56:51+0000,1020222,1023212,-,gene,unknown,YOR363C,PIP2,sgd/S288C_reference_genome_R64-3-1_20210421,"PIP2,OAF2,oleate-activated_transcription_factor_PIP2",Autoregulatory C oleate-activated transcription factor B subunit of a heterodimeric complex with Oaf1p C which binds to oleate-response elements  ORE  in the promoter of genes involved in beta-oxidation of fatty acids C peroxisome organization and biogenesis C activating transcription in the presence of oleate B PIP2 has a paralog C OAF1 C that arose from the whole genome duplication,15
6521,admin,admin,2023-04-16,2023-04-16T22:56:51+0000,1051290,1052930,+,gene,unknown,YOR380W,RDR1,sgd/S288C_reference_genome_R64-3-1_20210421,RDR1,Transcriptional repressor involved in regulating multidrug resistance B negatively regulates expression of the PDR5 gene B member of the Gal4p family of zinc cluster proteins,15
6829,admin,admin,2023-04-16,2023-04-16T22:56:51+0000,521014,524958,+,gene,unknown,YPL016W,SWI1,sgd/S288C_reference_genome_R64-3-1_20210421,"SWI1,ADR6,GAM3,LPA1,[SWI_+_],[SWI+]",Subunit of the SWI/SNF chromatin remodeling complex B regulates transcription by remodeling chromatin B required for transcription of many genes C including ADH1 C ADH2 C GAL1 C HO C INO1 and SUC2 B self-assembles to form [SWI+] prion and to alter expression pattern B human homolog ARID1A is a candidate tumor suppressor gene in breast cancer,16
6796,admin,admin,2023-04-16,2023-04-16T22:56:51+0000,464401,465648,+,gene,unknown,YPL048W,CAM1,sgd/S288C_reference_genome_R64-3-1_20210421,"CAM1,CPBP,TEF3,translation_elongation_factor_EF1B_gamma",One of two isoforms of the gamma subunit of eEF1B B stimulates the release of GDP from eEF1A  Tef1p/Tef2p  post association with the ribosomal complex with eEF1Balpha subunit B nuclear protein required for transcription of MXR1 B binds the MXR1 promoter in the presence of other nuclear factors B binds calcium and phospholipids,16
6753,admin,admin,2023-04-16,2023-04-16T22:56:51+0000,379120,381150,-,gene,unknown,YPL089C,RLM1,sgd/S288C_reference_genome_R64-3-1_20210421,RLM1,MADS-box transcription factor B component of the protein kinase C-mediated MAP kinase pathway involved in the maintenance of cell integrity B phosphorylated and activated by the MAP-kinase Slt2p B RLM1 has a paralog C SMP1 C that arose from the whole genome duplication,16
6699,admin,admin,2023-04-16,2023-04-16T22:56:51+0000,289669,291051,-,gene,unknown,YPL139C,UME1,sgd/S288C_reference_genome_R64-3-1_20210421,"UME1,WTM3",Component of both the Rpd3S and Rpd3L histone deacetylase complexes B negative regulator of meiosis B required for repression of a subset of meiotic genes during vegetative growth C binding of histone deacetylase Rpd3p required for activity C contains a NEE box and a WD repeat motif B homologous with Wtm1p B UME1 has a paralog C WTM2 C that arose from the whole genome duplication,16
6659,admin,admin,2023-04-16,2023-04-16T22:56:51+0000,213042,213962,-,gene,unknown,YPL177C,CUP9,sgd/S288C_reference_genome_R64-3-1_20210421,CUP9,Homeodomain-containing transcriptional repressor B regulates expression of PTR2 C which encodes a major peptide transporter B imported peptides activate ubiquitin-dependent proteolysis C resulting in degradation of Cup9p and de-repression of PTR2 transcription B CUP9 has a paralog C TOS8 C that arose from the whole genome duplication B protein abundance increases in response to DNA replication stress,16
6654,admin,admin,2023-04-16,2023-04-16T22:56:51+0000,203421,204941,+,gene,unknown,YPL181W,CTI6,sgd/S288C_reference_genome_R64-3-1_20210421,"CTI6,RXT1",Component of the Rpd3L histone deacetylase complex B relieves transcriptional repression by binding to the Cyc8p-Tup1p corepressor and recruiting the SAGA complex to the repressed promoter B contains a PHD finger domain,16
6574,admin,admin,2023-04-16,2023-04-16T22:56:51+0000,69485,70951,+,gene,unknown,YPL254W,HFI1,sgd/S288C_reference_genome_R64-3-1_20210421,"HFI1,ADA1,GAN1,SRM12,SUP110",Adaptor protein required for structural integrity of the SAGA complex B a histone acetyltransferase-coactivator complex that is involved in global regulation of gene expression through acetylation and transcription functions,16
6855,admin,admin,2023-04-16,2023-04-16T22:56:51+0000,573018,575102,+,gene,unknown,YPR008W,HAA1,sgd/S288C_reference_genome_R64-3-1_20210421,HAA1,Transcriptional activator involved in adaptation to weak acid stress B activates transcription of TPO2 C YRO2 C and other genes encoding membrane stress proteins B HAA1 has a paralog C CUP2 C that arose from the whole genome duplication B relocalizes from cytoplasm to nucleus upon DNA replication stress,16
6856,admin,admin,2023-04-16,2023-04-16T22:56:51+0000,576552,577358,+,gene,unknown,YPR009W,SUT2,sgd/S288C_reference_genome_R64-3-1_20210421,SUT2,Zn2Cys6 family transcription factor B positively regulates sterol uptake under anaerobic conditions with SUT1 B represses filamentation-inducing genes during non-starvation conditions B positively regulates mating along with SUT1 by repressing the expression of genes  PRR2 C NCE102 and RHO5  which function as mating inhibitors B multicopy suppressor of mutations that cause low activity of the cAMP/PKA pathway B SUT2 has a paralog C SUT1 C that arose from the whole genome duplication,16
7079,admin,admin,2023-04-16,2023-04-16T22:56:51+0000,938148,939032,-,gene,unknown,YPR199C,ARR1,sgd/S288C_reference_genome_R64-3-1_20210421,"ARR1,ACR1,YAP8",Transcriptional activator of the basic leucine zipper  bZIP  family B required for transcription of genes involved in resistance to arsenic compounds B directly binds trivalent arsenic  As III   as does K. lactis ortholog C KIYAP8,16
